Area Type, Area, Area Name, Standard Occupational Code, Occupational Title, Employment,Mean Wage, Median Wage, Entry Wage, Experienced Wage                                                                                                                                                                                                                                             
1,36,New York State, 00-0000,"Total, All Occupations",9097650,$59940,$43520,$23450,$78180
1,36,New York State, 11-0000,Management Occupations,471790,$152300,$129040,$72240,$192330
1,36,New York State, 11-1011,Chief Executives,15410,$223890,,$116080,$277800
1,36,New York State, 11-1021,General and Operations Managers,162890,$152030,$124970,$62310,$196890
1,36,New York State, 11-1031,Legislators,6530,$90710,$92140,$78620,$96750
1,36,New York State, 11-2011,Advertising and Promotions Managers,5140,$169940,$150490,$88560,$210630
1,36,New York State, 11-2021,Marketing Managers,16510,$192300,$177560,$110030,$233440
1,36,New York State, 11-2022,Sales Managers,20180,$201040,$186140,$106150,$248490
1,36,New York State, 11-2031,Public Relations and Fundraising Managers,6050,$161160,$143500,$84800,$199340
1,36,New York State, 11-3011,Administrative Services Managers,18510,$130760,$120140,$75920,$158180
1,36,New York State, 11-3021,Computer and Information Systems Managers,25990,$178930,$162210,$106420,$215180
1,36,New York State, 11-3031,Financial Managers,40250,$197490,$179360,$102120,$245170
1,36,New York State, 11-3051,Industrial Production Managers,4780,$130430,$118600,$77120,$157080
1,36,New York State, 11-3061,Purchasing Managers,3890,$138640,$127750,$79350,$168280
1,36,New York State, 11-3071,"Transportation, Storage, and Distribution Managers",3340,$121100,$106660,$74570,$144370
1,36,New York State, 11-3111,Compensation and Benefits Managers,1490,$152270,$139900,$94240,$181280
1,36,New York State, 11-3121,Human Resources Managers,10090,$145720,$126260,$81410,$177880
1,36,New York State, 11-3131,Training and Development Managers,3040,$143220,$130800,$82140,$173760
1,36,New York State, 11-9013,"Farmers, Ranchers, and Other Agricultural Managers",n/a,$76900,$78630,$49680,$90500
1,36,New York State, 11-9021,Construction Managers,12630,$123310,$112420,$69080,$150430
1,36,New York State, 11-9031,"Education Administrators, Preschool and Childcare Center/Program",4860,$68370,$60870,$38110,$83500
1,36,New York State, 11-9032,"Education Administrators, Elementary and Secondary School",19260,$123070,$120210,$82410,$143400
1,36,New York State, 11-9033,"Education Administrators, Postsecondary",11380,$116730,$100430,$64310,$142940
1,36,New York State, 11-9039,"Education Administrators, All Other",1420,$96480,$85080,$49920,$119770
1,36,New York State, 11-9041,Architectural and Engineering Managers,7430,$159640,$146930,$105270,$186830
1,36,New York State, 11-9051,Food Service Managers,6010,$70410,$65000,$42090,$84570
1,36,New York State, 11-9061,Funeral Service Managers,520,$125210,$100770,$48170,$163730
1,36,New York State, 11-9071,Gaming Managers,n/a,$86640,$70760,$55450,$102240
1,36,New York State, 11-9081,Lodging Managers,560,$75310,$62520,$43660,$91130
1,36,New York State, 11-9111,Medical and Health Services Managers,26010,$138460,$120560,$80980,$167210
1,36,New York State, 11-9121,Natural Sciences Managers,1900,$153250,$130740,$89720,$185010
1,36,New York State, 11-9131,Postmasters and Mail Superintendents,880,$75230,$74880,$62040,$81830
1,36,New York State, 11-9141,"Property, Real Estate, and Community Association Managers",7510,$117640,$94890,$66480,$143220
1,36,New York State, 11-9151,Social and Community Service Managers,11960,$90200,$87170,$60470,$105060
1,36,New York State, 11-9161,Emergency Management Directors,600,$95480,$86660,$60380,$113020
1,36,New York State, 11-9199,"Managers, All Other",14640,$124110,$110130,$66260,$153030
1,36,New York State, 13-0000,Business and Financial Operations Occupations,523410,$94490,$78890,$48780,$117350
1,36,New York State, 13-1011,"Agents and Business Managers of Artists, Performers, and Athletes",3050,$99500,$65270,$43310,$127600
1,36,New York State, 13-1021,"Buyers and Purchasing Agents, Farm Products",300,$69620,$58410,$36120,$86370
1,36,New York State, 13-1022,"Wholesale and Retail Buyers, Except Farm Products",8120,$73560,$63820,$38640,$91020
1,36,New York State, 13-1023,"Purchasing Agents, Except Wholesale, Retail, and Farm Products",14750,$70510,$66080,$46660,$82440
1,36,New York State, 13-1031,"Claims Adjusters, Examiners, and Investigators",20520,$68610,$66290,$45330,$80240
1,36,New York State, 13-1032,"Insurance Appraisers, Auto Damage",810,$68570,$64310,$52080,$76820
1,36,New York State, 13-1041,Compliance Officers,21130,$78510,$72590,$49270,$93130
1,36,New York State, 13-1051,Cost Estimators,9850,$74620,$66540,$41170,$91350
1,36,New York State, 13-1071,Human Resources Specialists,31580,$76900,$69710,$47470,$91610
1,36,New York State, 13-1075,Labor Relations Specialists,8120,$83080,$73770,$50760,$99240
1,36,New York State, 13-1081,Logisticians,2960,$77570,$72650,$51940,$90380
1,36,New York State, 13-1111,Management Analysts,40000,$109670,$93630,$58490,$135260
1,36,New York State, 13-1121,"Meeting, Convention, and Event Planners",9150,$65600,$58960,$36960,$79920
1,36,New York State, 13-1131,Fundraisers,6850,$64070,$60610,$39090,$76570
1,36,New York State, 13-1141,"Compensation, Benefits, and Job Analysis Specialists",8910,$74980,$71700,$51130,$86900
1,36,New York State, 13-1151,Training and Development Specialists,18970,$68380,$63450,$38100,$83520
1,36,New York State, 13-1161,Market Research Analysts and Marketing Specialists,56840,$79310,$73480,$45330,$96300
1,36,New York State, 13-1199,"Business Operations Specialists, All Other",23420,$95550,$79690,$53240,$116710
1,36,New York State, 13-2011,Accountants and Auditors,108810,$95060,$82090,$53310,$115940
1,36,New York State, 13-2021,Appraisers and Assessors of Real Estate,3370,$58700,$50720,$34870,$70610
1,36,New York State, 13-2031,Budget Analysts,3430,$77320,$74600,$53830,$89060
1,36,New York State, 13-2041,Credit Analysts,7630,$121950,$103290,$60620,$152620
1,36,New York State, 13-2051,Financial Analysts,49020,$132270,$103920,$67820,$164500
1,36,New York State, 13-2052,Personal Financial Advisors,27790,$158380,$134980,$58970,$208090
1,36,New York State, 13-2053,Insurance Underwriters,7870,$95680,$81730,$52740,$117160
1,36,New York State, 13-2061,Financial Examiners,5140,$115130,$102690,$64260,$140560
1,36,New York State, 13-2071,Credit Counselors,1910,$55390,$49830,$37860,$64160
1,36,New York State, 13-2072,Loan Officers,11250,$103720,$81360,$42990,$134090
1,36,New York State, 13-2081,"Tax Examiners and Collectors, and Revenue Agents",5270,$67810,$61840,$45860,$78780
1,36,New York State, 13-2082,Tax Preparers,2380,$58880,$45730,$25520,$75560
1,36,New York State, 13-2099,"Financial Specialists, All Other",4230,$102470,$86110,$52200,$127610
1,36,New York State, 15-0000,Computer and Mathematical Occupations,245130,$94450,$86400,$51940,$115700
1,36,New York State, 15-1111,Computer and Information Research Scientists,920,$147950,$129420,$88790,$177530
1,36,New York State, 15-1121,Computer Systems Analysts,38220,$99330,$91680,$60970,$118510
1,36,New York State, 15-1122,Information Security Analysts,5150,$117140,$110910,$69170,$141130
1,36,New York State, 15-1131,Computer Programmers,17790,$89550,$80670,$52590,$108040
1,36,New York State, 15-1132,"Software Developers, Applications",49360,$114720,$108680,$70260,$136950
1,36,New York State, 15-1133,"Software Developers, Systems Software",19010,$113140,$109170,$72480,$133470
1,36,New York State, 15-1134,Web Developers,11430,$81950,$75140,$47580,$99130
1,36,New York State, 15-1141,Database Administrators,6660,$92790,$89130,$56000,$111190
1,36,New York State, 15-1142,Network and Computer Systems Administrators,24600,$91300,$86050,$57820,$108040
1,36,New York State, 15-1143,Computer Network Architects,8170,$109290,$103220,$58540,$134670
1,36,New York State, 15-1151,Computer User Support Specialists,40260,$57220,$53230,$36170,$67740
1,36,New York State, 15-1152,Computer Network Support Specialists,10930,$77900,$71740,$45380,$94160
1,36,New York State, 15-1199,"Computer Occupations, All Other",3370,$88040,$87130,$53230,$105450
1,36,New York State, 15-2011,Actuaries,2410,$144360,$124270,$75910,$178580
1,36,New York State, 15-2021,Mathematicians,n/a,$84570,$80100,$65860,$93930
1,36,New York State, 15-2031,Operations Research Analysts,5700,$107790,$94900,$56550,$133400
1,36,New York State, 15-2041,Statisticians,1040,$88720,$85790,$58370,$103890
1,36,New York State, 15-2091,Mathematical Technicians,n/a,$65150,$52480,$34710,$80360
1,36,New York State, 17-0000,Architecture and Engineering Occupations,112570,$83940,$78760,$51080,$100370
1,36,New York State, 17-1011,"Architects, Except Landscape and Naval",12550,$92830,$82260,$56230,$111130
1,36,New York State, 17-1012,Landscape Architects,1470,$74750,$70970,$50430,$86910
1,36,New York State, 17-1021,Cartographers and Photogrammetrists,n/a,$77190,$73950,$51200,$90190
1,36,New York State, 17-1022,Surveyors,1680,$74610,$71870,$48390,$87730
1,36,New York State, 17-2011,Aerospace Engineers,380,$108900,$107010,$78660,$124020
1,36,New York State, 17-2031,Biomedical Engineers,780,$100740,$88380,$64060,$119080
1,36,New York State, 17-2041,Chemical Engineers,1130,$97860,$94850,$67400,$113090
1,36,New York State, 17-2051,Civil Engineers,15450,$93190,$88540,$63940,$107810
1,36,New York State, 17-2061,Computer Hardware Engineers,1630,$110650,$110550,$76220,$127860
1,36,New York State, 17-2071,Electrical Engineers,11270,$99820,$95820,$66940,$116260
1,36,New York State, 17-2072,"Electronics Engineers, Except Computer",3450,$99450,$95420,$66370,$115980
1,36,New York State, 17-2081,Environmental Engineers,3290,$89890,$86400,$61720,$103970
1,36,New York State, 17-2111,"Health and Safety Engineers, Except Mining Safety Engineers and Inspectors",1830,$90910,$89520,$61860,$105440
1,36,New York State, 17-2112,Industrial Engineers,10290,$87570,$84200,$59960,$101380
1,36,New York State, 17-2121,Marine Engineers and Naval Architects,n/a,$95030,$95790,$70500,$107290
1,36,New York State, 17-2131,Materials Engineers,1220,$94440,$91590,$61270,$111030
1,36,New York State, 17-2141,Mechanical Engineers,11320,$89240,$84900,$61800,$102970
1,36,New York State, 17-2151,"Mining and Geological Engineers, Including Mining Safety Engineers",n/a,$91640,$88740,$69370,$102780
1,36,New York State, 17-2161,Nuclear Engineers,540,$113680,$114910,$83700,$128680
1,36,New York State, 17-2199,"Engineers, All Other",2770,$100800,$100370,$65700,$118350
1,36,New York State, 17-3011,Architectural and Civil Drafters,6210,$57320,$56420,$38760,$66600
1,36,New York State, 17-3012,Electrical and Electronics Drafters,1480,$72520,$70300,$46580,$85490
1,36,New York State, 17-3013,Mechanical Drafters,3750,$56330,$54360,$37720,$65640
1,36,New York State, 17-3019,"Drafters, All Other",1050,$62140,$57590,$39360,$73520
1,36,New York State, 17-3021,Aerospace Engineering and Operations Technicians,n/a,$74630,$79040,$48700,$87590
1,36,New York State, 17-3022,Civil Engineering Technicians,1840,$57680,$57610,$37350,$67850
1,36,New York State, 17-3023,Electrical and Electronic Engineering Technicians,5880,$64450,$65140,$42710,$75330
1,36,New York State, 17-3024,Electro-Mechanical Technicians,530,$64260,$62090,$39840,$76460
1,36,New York State, 17-3025,Environmental Engineering Technicians,1220,$52210,$50260,$31070,$62780
1,36,New York State, 17-3026,Industrial Engineering Technicians,3170,$56890,$55480,$39220,$65730
1,36,New York State, 17-3027,Mechanical Engineering Technicians,1550,$61090,$55980,$40850,$71210
1,36,New York State, 17-3029,"Engineering Technicians, Except Drafters, All Other",2030,$60270,$58580,$44220,$68290
1,36,New York State, 17-3031,Surveying and Mapping Technicians,1480,$49580,$45660,$32120,$58320
1,36,New York State, 19-0000,"Life, Physical, and Social Science Occupations",67870,$75350,$66230,$38820,$93610
1,36,New York State, 19-1011,Animal Scientists,n/a,$64390,$62360,$49250,$71960
1,36,New York State, 19-1012,Food Scientists and Technologists,580,$64370,$58900,$38790,$77160
1,36,New York State, 19-1013,Soil and Plant Scientists,n/a,$66210,$59310,$37450,$80590
1,36,New York State, 19-1021,Biochemists and Biophysicists,1530,$84770,$67800,$45370,$104460
1,36,New York State, 19-1022,Microbiologists,1340,$83550,$77880,$48880,$100880
1,36,New York State, 19-1023,Zoologists and Wildlife Biologists,430,$68460,$68310,$46580,$79400
1,36,New York State, 19-1029,"Biological Scientists, All Other",620,$81820,$81560,$54580,$95440
1,36,New York State, 19-1032,Foresters,n/a,$64180,$62850,$52840,$69850
1,36,New York State, 19-1041,Epidemiologists,n/a,$86250,$80440,$61590,$98570
1,36,New York State, 19-1042,"Medical Scientists, Except Epidemiologists",9900,$93900,$75840,$49620,$116050
1,36,New York State, 19-1099,"Life Scientists, All Other",n/a,$82630,$74570,$60150,$93860
1,36,New York State, 19-2012,Physicists,1070,$124580,$114110,$63940,$154910
1,36,New York State, 19-2021,Atmospheric and Space Scientists,470,$86350,$86400,$46560,$106240
1,36,New York State, 19-2031,Chemists,4170,$84580,$75820,$50960,$101390
1,36,New York State, 19-2032,Materials Scientists,370,$93830,$95490,$47350,$117070
1,36,New York State, 19-2041,"Environmental Scientists and Specialists, Including Health",3700,$78670,$73790,$47740,$94140
1,36,New York State, 19-2042,"Geoscientists, Except Hydrologists and Geographers",940,$79680,$80340,$51110,$93970
1,36,New York State, 19-2043,Hydrologists,n/a,$88360,$79270,$53850,$105610
1,36,New York State, 19-2099,"Physical Scientists, All Other",970,$94770,$93910,$63100,$110610
1,36,New York State, 19-3011,Economists,570,$127710,$105610,$71360,$155890
1,36,New York State, 19-3022,Survey Researchers,620,$64540,$64880,$37540,$78030
1,36,New York State, 19-3031,"Clinical, Counseling, and School Psychologists",11230,$90660,$87050,$56300,$107830
1,36,New York State, 19-3039,"Psychologists, All Other",610,$120400,$106260,$57790,$151700
1,36,New York State, 19-3041,Sociologists,290,$69940,$63330,$37220,$86300
1,36,New York State, 19-3051,Urban and Regional Planners,1430,$78110,$72780,$51030,$91640
1,36,New York State, 19-3091,Anthropologists and Archeologists,n/a,$91480,$86290,$59110,$107670
1,36,New York State, 19-3092,Geographers,n/a,$65530,$50720,$43740,$76420
1,36,New York State, 19-3093,Historians,460,$33830,$29380,$27150,$37170
1,36,New York State, 19-3094,Political Scientists,n/a,$119050,$115630,$67590,$144780
1,36,New York State, 19-3099,"Social Scientists and Related Workers, All Other",2470,$81390,$78000,$51130,$96510
1,36,New York State, 19-4011,Agricultural and Food Science Technicians,930,$48330,$46310,$28910,$58050
1,36,New York State, 19-4021,Biological Technicians,3440,$44820,$42370,$31660,$51410
1,36,New York State, 19-4031,Chemical Technicians,2710,$51260,$47800,$31940,$60910
1,36,New York State, 19-4041,Geological and Petroleum Technicians,n/a,$61600,$54950,$38670,$73070
1,36,New York State, 19-4061,Social Science Research Assistants,6340,$46390,$42300,$21800,$58690
1,36,New York State, 19-4091,"Environmental Science and Protection Technicians, Including Health",2170,$51290,$48430,$32550,$60660
1,36,New York State, 19-4092,Forensic Science Technicians,720,$67530,$67620,$49580,$76510
1,36,New York State, 19-4093,Forest and Conservation Technicians,410,$39030,$36060,$28730,$44180
1,36,New York State, 19-4099,"Life, Physical, and Social Science Technicians, All Other",5120,$52060,$50400,$30620,$62780
1,36,New York State, 21-0000,Community and Social Services Occupations,175780,$52500,$48170,$30730,$63390
1,36,New York State, 21-1011,Substance Abuse and Behavioral Disorder Counselors,7590,$50910,$49210,$33870,$59420
1,36,New York State, 21-1012,"Educational, Guidance, School, and Vocational Counselors",22620,$67170,$61360,$38680,$81420
1,36,New York State, 21-1013,Marriage and Family Therapists,730,$44810,$40590,$32840,$50800
1,36,New York State, 21-1014,Mental Health Counselors,6960,$42630,$38530,$27720,$50090
1,36,New York State, 21-1015,Rehabilitation Counselors,8750,$36390,$34420,$25570,$41800
1,36,New York State, 21-1019,"Counselors, All Other",800,$55420,$53670,$35120,$65570
1,36,New York State, 21-1021,"Child, Family, and School Social Workers",22630,$58680,$54050,$37560,$69240
1,36,New York State, 21-1022,Healthcare Social Workers,12540,$60850,$59100,$41080,$70730
1,36,New York State, 21-1023,Mental Health and Substance Abuse Social Workers,11040,$57130,$53650,$39600,$65900
1,36,New York State, 21-1029,"Social Workers, All Other",8150,$64440,$63610,$48330,$72490
1,36,New York State, 21-1091,Health Educators,4890,$56000,$52250,$34320,$66840
1,36,New York State, 21-1092,Probation Officers and Correctional Treatment Specialists,4450,$67990,$67810,$51830,$76080
1,36,New York State, 21-1093,Social and Human Service Assistants,33340,$36590,$34800,$24980,$42390
1,36,New York State, 21-1094,Community Health Workers,4010,$44280,$39700,$28880,$51990
1,36,New York State, 21-1099,"Community and Social Service Specialists, All Other",14910,$53460,$49490,$39910,$60230
1,36,New York State, 21-2011,Clergy,8490,$53460,$44860,$26170,$67110
1,36,New York State, 21-2021,"Directors, Religious Activities and Education",3360,$42360,$37840,$21240,$52930
1,36,New York State, 21-2099,"Religious Workers, All Other",530,$32650,$24600,$20180,$39130
1,36,New York State, 23-0000,Legal Occupations,108310,$133190,$105330,$53850,$172860
1,36,New York State, 23-1011,Lawyers,72760,$162930,$141440,$74410,$207190
1,36,New York State, 23-1012,Judicial Law Clerks,690,$121680,$133190,$84940,$140050
1,36,New York State, 23-1021,"Administrative Law Judges, Adjudicators, and Hearing Officers",1410,$98740,$94080,$78440,$108890
1,36,New York State, 23-1022,"Arbitrators, Mediators, and Conciliators",460,$76620,$77390,$41420,$94220
1,36,New York State, 23-1023,"Judges, Magistrate Judges, and Magistrates",3250,$156610,$157920,$135070,$167380
1,36,New York State, 23-2011,Paralegals and Legal Assistants,22220,$60030,$54410,$39340,$70370
1,36,New York State, 23-2091,Court Reporters,1380,$89430,$96660,$54500,$106900
1,36,New York State, 23-2093,"Title Examiners, Abstractors, and Searchers",3450,$53550,$55080,$34010,$63320
1,36,New York State, 23-2099,"Legal Support Workers, All Other",2680,$59870,$54920,$35360,$72130
1,36,New York State, 25-0000,"Education, Training, and Library Occupations",691790,$66700,$56850,$27730,$86190
1,36,New York State, 25-1011,"Business Teachers, Postsecondary",8570,$108460,$81180,$42370,$141510
1,36,New York State, 25-1021,"Computer Science Teachers, Postsecondary",3150,$105980,$89700,$46330,$135810
1,36,New York State, 25-1022,"Mathematical Science Teachers, Postsecondary",4880,$97600,$80210,$46330,$123230
1,36,New York State, 25-1031,"Architecture Teachers, Postsecondary",1010,$131050,$102410,$51190,$170980
1,36,New York State, 25-1032,"Engineering Teachers, Postsecondary",3090,$117870,$104930,$65720,$143950
1,36,New York State, 25-1041,"Agricultural Sciences Teachers, Postsecondary",360,$117060,$115530,$68260,$141460
1,36,New York State, 25-1042,"Biological Science Teachers, Postsecondary",4230,$102850,$88400,$51220,$128670
1,36,New York State, 25-1043,"Forestry and Conservation Science Teachers, Postsecondary",n/a,$73150,$63340,$44510,$87460
1,36,New York State, 25-1051,"Atmospheric, Earth, Marine, and Space Sciences Teachers, Postsecondary",880,$109220,$94930,$55920,$135870
1,36,New York State, 25-1052,"Chemistry Teachers, Postsecondary",2170,$101900,$90230,$54420,$125650
1,36,New York State, 25-1053,"Environmental Science Teachers, Postsecondary",660,$99460,$82020,$55150,$121610
1,36,New York State, 25-1054,"Physics Teachers, Postsecondary",1440,$115790,$101640,$58930,$144220
1,36,New York State, 25-1061,"Anthropology and Archeology Teachers, Postsecondary",960,$112510,$103010,$57810,$139860
1,36,New York State, 25-1062,"Area, Ethnic, and Cultural Studies Teachers, Postsecondary",1260,$95950,$80050,$48400,$119730
1,36,New York State, 25-1063,"Economics Teachers, Postsecondary",1480,$120650,$102740,$55830,$153060
1,36,New York State, 25-1064,"Geography Teachers, Postsecondary",250,$84730,$76380,$46850,$103670
1,36,New York State, 25-1065,"Political Science Teachers, Postsecondary",1510,$119790,$97860,$53570,$152900
1,36,New York State, 25-1066,"Psychology Teachers, Postsecondary",4370,$102670,$87150,$48250,$129870
1,36,New York State, 25-1067,"Sociology Teachers, Postsecondary",1490,$89250,$77710,$43300,$112230
1,36,New York State, 25-1069,"Social Sciences Teachers, Postsecondary, All Other",2580,$98610,$83980,$49410,$123210
1,36,New York State, 25-1071,"Health Specialties Teachers, Postsecondary",21400,$126580,$108830,$58170,$160790
1,36,New York State, 25-1072,"Nursing Instructors and Teachers, Postsecondary",4290,$92800,$84040,$48360,$115020
1,36,New York State, 25-1081,"Education Teachers, Postsecondary",5950,$80740,$66280,$40390,$100920
1,36,New York State, 25-1082,"Library Science Teachers, Postsecondary",520,$77630,$76220,$51770,$90560
1,36,New York State, 25-1111,"Criminal Justice and Law Enforcement Teachers, Postsecondary",1810,$64400,$57330,$34760,$79210
1,36,New York State, 25-1121,"Art, Drama, and Music Teachers, Postsecondary",11860,$113910,$90730,$52050,$144840
1,36,New York State, 25-1122,"Communications Teachers, Postsecondary",2670,$94310,$78310,$46030,$118450
1,36,New York State, 25-1123,"English Language and Literature Teachers, Postsecondary",7870,$93960,$78980,$47100,$117390
1,36,New York State, 25-1124,"Foreign Language and Literature Teachers, Postsecondary",3130,$90420,$72920,$44910,$113170
1,36,New York State, 25-1125,"History Teachers, Postsecondary",2000,$93920,$79510,$44920,$118420
1,36,New York State, 25-1126,"Philosophy and Religion Teachers, Postsecondary",3640,$85530,$70160,$44390,$106100
1,36,New York State, 25-1191,Graduate Teaching Assistants,9290,$40810,$37820,$25970,$48240
1,36,New York State, 25-1193,"Recreation and Fitness Studies Teachers, Postsecondary",1510,$76410,$64010,$40830,$94200
1,36,New York State, 25-1194,"Vocational Education Teachers, Postsecondary",4390,$66980,$65180,$41370,$79780
1,36,New York State, 25-1199,"Postsecondary Teachers, All Other",7100,$99140,$83100,$44820,$126300
1,36,New York State, 25-2011,"Preschool Teachers, Except Special Education",40000,$42400,$32550,$21690,$52750
1,36,New York State, 25-2012,"Kindergarten Teachers, Except Special Education",7400,$73550,$65460,$42790,$88930
1,36,New York State, 25-2021,"Elementary School Teachers, Except Special Education",79560,$78300,$75900,$49070,$92910
1,36,New York State, 25-2022,"Middle School Teachers, Except Special and Career/Technical Education",40350,$79000,$76560,$50310,$93350
1,36,New York State, 25-2023,"Career/Technical  Education Teachers, Middle School",1930,$73680,$67990,$48990,$86030
1,36,New York State, 25-2031,"Secondary School Teachers, Except Special and Career/Technical Education",65880,$82500,$78810,$52100,$97700
1,36,New York State, 25-2032,"Career/Technical Education Teachers, Secondary School",4170,$73620,$69680,$50040,$85400
1,36,New York State, 25-2051,"Special Education Teachers, Preschool",4320,$69060,$61470,$38250,$84470
1,36,New York State, 25-2052,"Special Education Teachers, Kindergarten and Elementary School",21360,$73300,$68730,$47050,$86420
1,36,New York State, 25-2053,"Special Education Teachers, Middle School",11320,$79190,$75090,$54050,$91760
1,36,New York State, 25-2054,"Special Education Teachers, Secondary School",17270,$85200,$76890,$53560,$101020
1,36,New York State, 25-3011,Adult Basic and Secondary Education and Literacy Teachers and Instructors,5010,$70750,$68270,$42110,$85060
1,36,New York State, 25-3021,Self-Enrichment Education Teachers,34010,$53950,$45010,$26640,$67610
1,36,New York State, 25-3097,"Teachers and Instructors, All Other, Except Substitute Teachers",16090,$57670,$40220,$22740,$75140
1,36,New York State, 25-3098,Substitute teachers,43170,$37230,$33080,$24390,$43650
1,36,New York State, 25-4011,Archivists,870,$55140,$50240,$35880,$64770
1,36,New York State, 25-4012,Curators,1310,$82090,$70940,$46190,$100040
1,36,New York State, 25-4013,Museum Technicians and Conservators,920,$59770,$55860,$34040,$72630
1,36,New York State, 25-4021,Librarians,11860,$68320,$64250,$46030,$79460
1,36,New York State, 25-4031,Library Technicians,7390,$33440,$29920,$20180,$40120
1,36,New York State, 25-9011,Audio-Visual and Multimedia Collections Specialists,680,$54040,$50770,$31070,$65530
1,36,New York State, 25-9021,Farm and Home Management Advisors,n/a,$41280,$37170,$29220,$47310
1,36,New York State, 25-9031,Instructional Coordinators,11650,$71440,$64360,$45950,$84180
1,36,New York State, 25-9041,Teacher Assistants,125840,$28770,$26910,$20660,$32820
1,36,New York State, 25-9099,"Education, Training, and Library Workers, All Other",1310,$45540,$40400,$23130,$56740
1,36,New York State, 27-0000,"Arts, Design, Entertainment, Sports, and Media Occupations",206370,$78450,$62050,$33360,$100990
1,36,New York State, 27-1011,Art Directors,7960,$126030,$111330,$72870,$152610
1,36,New York State, 27-1013,"Fine Artists, Including Painters, Sculptors, and Illustrators",1350,$75010,$60880,$38200,$93420
1,36,New York State, 27-1014,Multimedia Artists and Animators,1960,$74310,$64180,$46080,$88420
1,36,New York State, 27-1019,"Artists and Related Workers, All Other",330,$73730,$69450,$41470,$89860
1,36,New York State, 27-1021,Commercial and Industrial Designers,2910,$70470,$65940,$42000,$84710
1,36,New York State, 27-1022,Fashion Designers,7590,$85040,$72120,$45950,$104580
1,36,New York State, 27-1023,Floral Designers,2570,$30030,$28320,$20940,$34570
1,36,New York State, 27-1024,Graphic Designers,21440,$63550,$58650,$36530,$77060
1,36,New York State, 27-1025,Interior Designers,2970,$66600,$60960,$38000,$80900
1,36,New York State, 27-1026,Merchandise Displayers and Window Trimmers,6680,$36330,$30550,$21160,$43910
1,36,New York State, 27-1027,Set and Exhibit Designers,2210,$67260,$61520,$35810,$82990
1,36,New York State, 27-1029,"Designers, All Other",350,$71000,$62070,$37480,$87770
1,36,New York State, 27-2012,Producers and Directors,23490,$119300,$98570,$47550,$155170
1,36,New York State, 27-2022,Coaches and Scouts,9730,$48450,$38930,$24900,$60230
1,36,New York State, 27-2032,Choreographers,n/a,$92470,$74150,$40820,$118290
1,36,New York State, 27-2041,Music Directors and Composers,3480,$79180,$55110,$28310,$104620
1,36,New York State, 27-3011,Radio and Television Announcers,2030,$73660,$57760,$26380,$97310
1,36,New York State, 27-3012,Public Address System and Other Announcers,620,$54820,$31650,$24880,$69800
1,36,New York State, 27-3022,Reporters and Correspondents,4050,$73080,$53370,$31050,$94090
1,36,New York State, 27-3031,Public Relations Specialists,25440,$69690,$61060,$36870,$86100
1,36,New York State, 27-3041,Editors,19890,$79350,$66210,$41110,$98460
1,36,New York State, 27-3042,Technical Writers,2390,$78820,$73170,$47780,$94340
1,36,New York State, 27-3043,Writers and Authors,6800,$84110,$73650,$44960,$103680
1,36,New York State, 27-3091,Interpreters and Translators,2720,$55940,$53220,$27910,$69950
1,36,New York State, 27-3099,"Media and Communication Workers, All Other",860,$62010,$51130,$33230,$76400
1,36,New York State, 27-4011,Audio and Video Equipment Technicians,6580,$54670,$50560,$30600,$66700
1,36,New York State, 27-4012,Broadcast Technicians,4010,$55250,$52250,$29490,$68120
1,36,New York State, 27-4014,Sound Engineering Technicians,2100,$79500,$71730,$39110,$99700
1,36,New York State, 27-4021,Photographers,3720,$62060,$51100,$28070,$79050
1,36,New York State, 27-4031,"Camera Operators, Television, Video, and Motion Picture",1620,$84070,$72830,$42620,$104800
1,36,New York State, 27-4032,Film and Video Editors,4850,$84990,$76070,$38070,$108450
1,36,New York State, 27-4099,"Media and Communication Equipment Workers, All Other",590,$66230,$55860,$30780,$83960
1,36,New York State, 29-0000,Healthcare Practitioners and Technical Occupations,528810,$89540,$75670,$45540,$111540
1,36,New York State, 29-1011,Chiropractors,1840,$93020,$79000,$65880,$106590
1,36,New York State, 29-1021,"Dentists, General",7710,$172460,$148850,$108160,$204610
1,36,New York State, 29-1022,Oral and Maxillofacial Surgeons,660,$222000,,$106850,$279580
1,36,New York State, 29-1023,Orthodontists,n/a,$251280,,,
1,36,New York State, 29-1029,"Dentists, All Other Specialists",360,$195590,$176210,$105120,$240820
1,36,New York State, 29-1031,Dietitians and Nutritionists,4960,$65720,$63500,$48560,$74300
1,36,New York State, 29-1041,Optometrists,2690,$132800,$119190,$84410,$157000
1,36,New York State, 29-1051,Pharmacists,20430,$120210,$121040,$89550,$135550
1,36,New York State, 29-1061,Anesthesiologists,1830,$275350,,,
1,36,New York State, 29-1062,Family and General Practitioners,2110,$186380,$169640,$103570,$227790
1,36,New York State, 29-1063,"Internists, General",2180,$193390,$188480,$79260,$250460
1,36,New York State, 29-1064,Obstetricians and Gynecologists,1270,$217110,,$101210,$275060
1,36,New York State, 29-1065,"Pediatricians, General",1800,$153850,$145890,$83260,$189150
1,36,New York State, 29-1066,Psychiatrists,3370,$185630,$169240,$102770,$227050
1,36,New York State, 29-1067,Surgeons,1650,$241600,,,
1,36,New York State, 29-1069,"Physicians and Surgeons, All Other",44870,$179360,$167570,$67190,$235450
1,36,New York State, 29-1071,Physician Assistants,12070,$108430,$107780,$85500,$119890
1,36,New York State, 29-1081,Podiatrists,1140,$149870,$126630,$85520,$182050
1,36,New York State, 29-1122,Occupational Therapists,8140,$88020,$83450,$59610,$102220
1,36,New York State, 29-1123,Physical Therapists,16390,$86790,$82250,$63380,$98500
1,36,New York State, 29-1124,Radiation Therapists,1540,$91800,$89640,$60170,$107620
1,36,New York State, 29-1125,Recreational Therapists,1640,$54380,$54170,$39410,$61870
1,36,New York State, 29-1126,Respiratory Therapists,5840,$72000,$73080,$56930,$79530
1,36,New York State, 29-1127,Speech-Language Pathologists,11360,$89620,$80080,$55480,$106700
1,36,New York State, 29-1128,Exercise Physiologist,n/a,$66510,$64840,$44810,$77360
1,36,New York State, 29-1129,"Therapists, All Other",690,$69530,$60110,$46860,$80870
1,36,New York State, 29-1131,Veterinarians,3040,$124570,$116830,$70350,$151680
1,36,New York State, 29-1141,Registered Nurses,180730,$81870,$81400,$58190,$93710
1,36,New York State, 29-1151,Nurse Anesthetists,1230,$171400,$162220,$142200,$185990
1,36,New York State, 29-1161,Nurse Midwives,480,$102510,$103330,$83170,$112180
1,36,New York State, 29-1171,Nurse Practitioners,13060,$115960,$113360,$84860,$131510
1,36,New York State, 29-1181,Audiologists,920,$83320,$82630,$64560,$92700
1,36,New York State, 29-1199,"Health Diagnosing and Treating Practitioners, All Other",2110,$77690,$66940,$46510,$93280
1,36,New York State, 29-2011,Medical and Clinical Laboratory Technologists,10380,$68770,$68650,$53370,$76470
1,36,New York State, 29-2012,Medical and Clinical Laboratory Technicians,7740,$49060,$48200,$31910,$57630
1,36,New York State, 29-2021,Dental Hygienists,10750,$76760,$76250,$56970,$86650
1,36,New York State, 29-2031,Cardiovascular Technologists and Technicians,3110,$60670,$59130,$39450,$71270
1,36,New York State, 29-2032,Diagnostic Medical Sonographers,4730,$72490,$72580,$55070,$81190
1,36,New York State, 29-2033,Nuclear Medicine Technologists,1260,$83580,$81510,$66820,$91960
1,36,New York State, 29-2034,Radiologic Technologists and Technicians,12990,$68230,$67890,$50060,$77320
1,36,New York State, 29-2035,Magnetic Resonance Imaging Technologists,1550,$75620,$76260,$58090,$84380
1,36,New York State, 29-2041,Emergency Medical Technicians and Paramedics,14750,$41670,$40250,$27230,$48900
1,36,New York State, 29-2051,Dietetic Technicians,930,$41670,$42920,$30610,$47210
1,36,New York State, 29-2052,Pharmacy Technicians,17660,$32640,$30400,$22620,$37640
1,36,New York State, 29-2053,Psychiatric Technicians,1540,$43230,$41170,$31890,$48900
1,36,New York State, 29-2054,Respiratory Therapy Technicians,280,$59260,$58220,$42680,$67550
1,36,New York State, 29-2055,Surgical Technologists,5560,$53030,$52030,$38210,$60440
1,36,New York State, 29-2056,Veterinary Technologists and Technicians,4270,$44310,$42830,$31950,$50490
1,36,New York State, 29-2057,Ophthalmic Medical Technicians,1820,$40010,$38920,$29470,$45290
1,36,New York State, 29-2061,Licensed Practical and Licensed Vocational Nurses,46990,$47750,$47420,$36100,$53570
1,36,New York State, 29-2071,Medical Records and Health Information Technicians,8800,$45630,$43710,$31280,$52800
1,36,New York State, 29-2081,"Opticians, Dispensing",3450,$51930,$53080,$31450,$62180
1,36,New York State, 29-2091,Orthotists and Prosthetists,440,$89910,$85940,$52670,$108530
1,36,New York State, 29-2092,Hearing Aid Specialists,n/a,$54570,$48620,$29520,$67090
1,36,New York State, 29-2099,"Health Technologists and Technicians, All Other",5020,$50610,$46740,$33190,$59320
1,36,New York State, 29-9011,Occupational Health and Safety Specialists,3230,$72780,$71730,$48230,$85060
1,36,New York State, 29-9012,Occupational Health and Safety Technicians,730,$58190,$57920,$45340,$64620
1,36,New York State, 29-9091,Athletic Trainers,1240,$48050,$44940,$32320,$55920
1,36,New York State, 29-9092,Genetic Counselors,n/a,$75600,$75590,$54160,$86330
1,36,New York State, 29-9099,"Healthcare Practitioners and Technical Workers, All Other",810,$80850,$80360,$46990,$97780
1,36,New York State, 31-0000,Healthcare Support Occupations,364090,$31370,$28300,$22410,$35840
1,36,New York State, 31-1011,Home Health Aides,173830,$24810,$23930,$22080,$26170
1,36,New York State, 31-1013,Psychiatric Aides,5900,$42430,$43800,$31260,$48010
1,36,New York State, 31-1014,Nursing Assistants,98040,$35230,$35580,$26440,$39630
1,36,New York State, 31-1015,Orderlies,4800,$36610,$36130,$26520,$41660
1,36,New York State, 31-2011,Occupational Therapy Assistants,2300,$59560,$58830,$43330,$67680
1,36,New York State, 31-2012,Occupational Therapy Aides,400,$35650,$35020,$23840,$41550
1,36,New York State, 31-2021,Physical Therapist Assistants,4200,$54910,$55170,$40740,$62000
1,36,New York State, 31-2022,Physical Therapist Aides,2940,$28980,$28000,$22330,$32300
1,36,New York State, 31-9011,Massage Therapists,4180,$63950,$59940,$29860,$80990
1,36,New York State, 31-9091,Dental Assistants,20040,$37420,$36980,$25370,$43440
1,36,New York State, 31-9092,Medical Assistants,23860,$36490,$35920,$27320,$41080
1,36,New York State, 31-9093,Medical Equipment Preparers,2720,$40370,$40550,$29830,$45640
1,36,New York State, 31-9094,Medical Transcriptionists,2190,$40060,$38280,$29540,$45320
1,36,New York State, 31-9095,Pharmacy Aides,2480,$30740,$29010,$21620,$35300
1,36,New York State, 31-9096,Veterinary Assistants and Laboratory Animal Caretakers,3690,$30350,$28410,$22340,$34360
1,36,New York State, 31-9097,Phlebotomists,6550,$38950,$38560,$28540,$44150
1,36,New York State, 31-9099,"Healthcare Support Workers, All Other",5970,$38840,$37890,$27510,$44500
1,36,New York State, 33-0000,Protective Service Occupations,294090,$52830,$45430,$24740,$66880
1,36,New York State, 33-1011,First-Line Supervisors of Correctional Officers,3940,$88040,$88260,$70370,$96880
1,36,New York State, 33-1012,First-Line Supervisors of Police and Detectives,12160,$109570,$106020,$81670,$123530
1,36,New York State, 33-1021,First-Line Supervisors of Fire Fighting and Prevention Workers,3770,$100650,$98530,$79170,$111380
1,36,New York State, 33-1099,"First-Line Supervisors of Protective Service Workers, All Other",6950,$66100,$59250,$39240,$79530
1,36,New York State, 33-2011,Firefighters,10490,$70720,$73580,$54880,$78640
1,36,New York State, 33-2021,Fire Inspectors and Investigators,520,$65090,$61960,$43180,$76050
1,36,New York State, 33-2022,Forest Fire Inspectors and Prevention Specialists,n/a,$52710,$50220,$46040,$56050
1,36,New York State, 33-3011,Bailiffs,3960,$62690,$68770,$42180,$72940
1,36,New York State, 33-3012,Correctional Officers and Jailers,34460,$64970,$67320,$49240,$72830
1,36,New York State, 33-3021,Detectives and Criminal Investigators,8920,$90030,$84800,$52300,$108900
1,36,New York State, 33-3031,Fish and Game Wardens,360,$71040,$72610,$59100,$77010
1,36,New York State, 33-3041,Parking Enforcement Workers,490,$43880,$39940,$32570,$49540
1,36,New York State, 33-3051,Police and Sheriff's Patrol Officers,47870,$72920,$73310,$46400,$86180
1,36,New York State, 33-3052,Transit and Railroad Police,1480,$78060,$77260,$63810,$85190
1,36,New York State, 33-9011,Animal Control Workers,850,$37230,$32760,$26440,$42620
1,36,New York State, 33-9021,Private Detectives and Investigators,1960,$64970,$60790,$41790,$76560
1,36,New York State, 33-9031,Gaming Surveillance Officers and Gaming Investigators,n/a,$34730,$34220,$25840,$39160
1,36,New York State, 33-9032,Security Guards,112750,$33840,$30700,$20940,$40290
1,36,New York State, 33-9091,Crossing Guards,8390,$32870,$33930,$24330,$37140
1,36,New York State, 33-9092,"Lifeguards, Ski Patrol, and Other Recreational Protective Service",8770,$26090,$24070,$20970,$28640
1,36,New York State, 33-9093,Transportation Security Screeners (federal only),3590,$41510,$42090,$34520,$45010
1,36,New York State, 33-9099,"Protective Service Workers, All Other",22180,$29880,$27780,$20990,$34320
1,36,New York State, 35-0000,Food Preparation and Serving Related Occupations,735890,$28040,$22910,$20180,$32100
1,36,New York State, 35-1011,Chefs and Head Cooks,15110,$48530,$43180,$23830,$60880
1,36,New York State, 35-1012,First-Line Supervisors of Food Preparation and Serving Workers,46440,$40370,$36910,$24500,$48300
1,36,New York State, 35-2011,"Cooks, Fast Food",16780,$22820,$20600,$20180,$24270
1,36,New York State, 35-2012,"Cooks, Institution and Cafeteria",16020,$33550,$31910,$24010,$38320
1,36,New York State, 35-2014,"Cooks, Restaurant",67370,$28760,$27120,$21410,$32430
1,36,New York State, 35-2015,"Cooks, Short Order",12070,$23970,$20570,$20180,$26010
1,36,New York State, 35-2019,"Cooks, All Other",960,$28730,$28230,$21680,$32250
1,36,New York State, 35-2021,Food Preparation Workers,63560,$25620,$23030,$20180,$28460
1,36,New York State, 35-3011,Bartenders,43730,$29520,$23820,$20180,$34360
1,36,New York State, 35-3021,"Combined Food Preparation and Serving Workers, Including Fast Food",158140,$22370,$20490,$20180,$23600
1,36,New York State, 35-3022,"Counter Attendants, Cafeteria, Food Concession, and Coffee Shop",31480,$24200,$21040,$20180,$26350
1,36,New York State, 35-3031,Waiters and Waitresses,155660,$30830,$23370,$20180,$36310
1,36,New York State, 35-3041,"Food Servers, Nonrestaurant",16550,$30870,$30490,$21180,$35710
1,36,New York State, 35-9011,Dining Room and Cafeteria Attendants and Bartender Helpers,33410,$26570,$20550,$20180,$29970
1,36,New York State, 35-9021,Dishwashers,34360,$23710,$20930,$20180,$25620
1,36,New York State, 35-9031,"Hosts and Hostesses, Restaurant, Lounge, and Coffee Shop",20990,$25580,$23200,$20180,$28380
1,36,New York State, 35-9099,"Food Preparation and Serving Related Workers, All Other",3180,$25390,$20800,$20180,$28100
1,36,New York State, 37-0000,Building and Grounds Cleaning and Maintenance Occupations,318820,$34610,$30830,$21540,$41150
1,36,New York State, 37-1011,First-Line Supervisors of Housekeeping and Janitorial Workers,13150,$53430,$53240,$34630,$62820
1,36,New York State, 37-1012,"First-Line Supervisors of Landscaping, Lawn Service, and Groundskeeping Workers",4770,$56380,$52790,$36580,$66280
1,36,New York State, 37-2011,"Janitors and Cleaners, Except Maids and Housekeeping Cleaners",196830,$33250,$29890,$21360,$39200
1,36,New York State, 37-2012,Maids and Housekeeping Cleaners,50540,$34120,$28390,$21240,$40560
1,36,New York State, 37-2021,Pest Control Workers,2910,$36410,$35200,$25740,$41740
1,36,New York State, 37-3011,Landscaping and Groundskeeping Workers,46430,$33240,$30850,$22500,$38610
1,36,New York State, 37-3012,"Pesticide Handlers, Sprayers, and Applicators, Vegetation",560,$33170,$30820,$27050,$36230
1,36,New York State, 37-3013,Tree Trimmers and Pruners,1520,$45120,$43010,$31220,$52070
1,36,New York State, 37-3019,"Grounds Maintenance Workers, All Other",n/a,$26840,$23820,$22970,$28770
1,36,New York State, 39-0000,Personal Care and Service Occupations,370750,$30680,$25160,$21190,$35420
1,36,New York State, 39-1011,Gaming Supervisors,370,$46880,$46030,$29480,$55580
1,36,New York State, 39-1012,Slot Supervisors,n/a,$50930,$54820,$32200,$60300
1,36,New York State, 39-1021,First-Line Supervisors of Personal Service Workers,17190,$43370,$40980,$28840,$50630
1,36,New York State, 39-2011,Animal Trainers,720,$41460,$37650,$22820,$50780
1,36,New York State, 39-2021,Nonfarm Animal Caretakers,13220,$28080,$24990,$20480,$31870
1,36,New York State, 39-3011,Gaming Dealers,1000,$21160,$20180,$20180,$21920
1,36,New York State, 39-3012,Gaming and Sports Book Writers and Runners,680,$29490,$27670,$20960,$33750
1,36,New York State, 39-3019,"Gaming Service Workers, All Other",n/a,$26980,$25690,$22180,$29380
1,36,New York State, 39-3021,Motion Picture Projectionists,n/a,$38390,$27760,$22300,$46430
1,36,New York State, 39-3031,"Ushers, Lobby Attendants, and Ticket Takers",9250,$24610,$22040,$20180,$26960
1,36,New York State, 39-3091,Amusement and Recreation Attendants,14840,$24490,$21520,$20180,$26830
1,36,New York State, 39-3092,Costume Attendants,1350,$71880,$74410,$39170,$88240
1,36,New York State, 39-3093,"Locker Room, Coatroom, and Dressing Room Attendants",1720,$27630,$23640,$20180,$31440
1,36,New York State, 39-3099,"Entertainment Attendants and Related Workers, All Other",510,$27870,$26040,$21250,$31180
1,36,New York State, 39-4011,Embalmers,n/a,$35060,$30740,$29010,$38080
1,36,New York State, 39-4021,Funeral Attendants,1270,$27820,$26680,$21690,$30880
1,36,New York State, 39-4031,"Morticians, Undertakers, and Funeral Directors",1550,$59410,$56260,$37200,$70520
1,36,New York State, 39-5011,Barbers,2130,$27640,$23710,$21740,$30590
1,36,New York State, 39-5012,"Hairdressers, Hairstylists, and Cosmetologists",26410,$31870,$23810,$20180,$37870
1,36,New York State, 39-5091,"Makeup Artists, Theatrical and Performance",800,$81600,$81110,$42280,$101270
1,36,New York State, 39-5092,Manicurists and Pedicurists,14080,$21730,$20180,$20180,$22750
1,36,New York State, 39-5093,Shampooers,1890,$21990,$20420,$20180,$23130
1,36,New York State, 39-5094,Skincare Specialists,3950,$40400,$34540,$23480,$48860
1,36,New York State, 39-6011,Baggage Porters and Bellhops,4290,$30030,$26150,$21170,$34450
1,36,New York State, 39-6012,Concierges,4080,$44300,$45010,$28150,$52370
1,36,New York State, 39-7011,Tour Guides and Escorts,2460,$30910,$24140,$20180,$36350
1,36,New York State, 39-7012,Travel Guides,n/a,$34220,$27260,$21760,$40450
1,36,New York State, 39-9011,Childcare Workers,36500,$28330,$27400,$20880,$32050
1,36,New York State, 39-9021,Personal Care Aides,156820,$26210,$24460,$22240,$28190
1,36,New York State, 39-9031,Fitness Trainers and Aerobics Instructors,18420,$63370,$59370,$26620,$81740
1,36,New York State, 39-9032,Recreation Workers,27260,$31280,$27410,$20850,$36500
1,36,New York State, 39-9041,Residential Advisors,6330,$33500,$31500,$22700,$38900
1,36,New York State, 39-9099,"Personal Care and Service Workers, All Other",1090,$32940,$28470,$21280,$38770
1,36,New York State, 41-0000,Sales and Related Occupations,931530,$51460,$28900,$20180,$67150
1,36,New York State, 41-1011,First-Line Supervisors of Retail Sales Workers,63120,$49980,$44840,$30660,$59640
1,36,New York State, 41-1012,First-Line Supervisors of Non-Retail Sales Workers,21180,$117600,$100370,$56940,$147930
1,36,New York State, 41-2011,Cashiers,193870,$23000,$20180,$20180,$24810
1,36,New York State, 41-2012,Gaming Change Persons and Booth Cashiers,880,$34830,$31860,$21140,$41670
1,36,New York State, 41-2021,Counter and Rental Clerks,21180,$29460,$24670,$20180,$34120
1,36,New York State, 41-2022,Parts Salespersons,9630,$35560,$31650,$22090,$42300
1,36,New York State, 41-2031,Retail Salespersons,322980,$27770,$22300,$20180,$31930
1,36,New York State, 41-3011,Advertising Sales Agents,21790,$90270,$72400,$41060,$114880
1,36,New York State, 41-3021,Insurance Sales Agents,21040,$91770,$68010,$37380,$118970
1,36,New York State, 41-3031,"Securities, Commodities, and Financial Services Sales Agents",57550,$162240,$141240,$58660,$214020
1,36,New York State, 41-3041,Travel Agents,5970,$36540,$32190,$22440,$43580
1,36,New York State, 41-3099,"Sales Representatives, Services, All Other",63420,$75870,$62820,$35890,$95860
1,36,New York State, 41-4011,"Sales Representatives, Wholesale and Manufacturing, Technical and Scientific Products",16220,$99330,$86610,$52770,$122620
1,36,New York State, 41-4012,"Sales Representatives, Wholesale and Manufacturing, Except Technical and Scientific Products",87740,$72680,$59050,$32240,$92910
1,36,New York State, 41-9011,Demonstrators and Product Promoters,4460,$37840,$31410,$21430,$46050
1,36,New York State, 41-9012,Models,490,$47680,$32340,$20180,$61880
1,36,New York State, 41-9021,Real Estate Brokers,1610,$116980,$80980,$50820,$150060
1,36,New York State, 41-9022,Real Estate Sales Agents,6020,$103730,$86110,$44310,$133440
1,36,New York State, 41-9031,Sales Engineers,2750,$110480,$101950,$66860,$132300
1,36,New York State, 41-9041,Telemarketers,7510,$28400,$23720,$20180,$32610
1,36,New York State, 43-0000,Office and Administrative Support Occupations,1498970,$43110,$38860,$24800,$52270
1,36,New York State, 43-1011,First-Line Supervisors of Office and Administrative Support Workers,114050,$68620,$63450,$42330,$81770
1,36,New York State, 43-2011,"Switchboard Operators, Including Answering Service",5580,$35820,$33470,$23630,$41920
1,36,New York State, 43-2021,Telephone Operators,800,$47400,$47790,$34320,$53940
1,36,New York State, 43-3011,Bill and Account Collectors,17130,$40720,$37110,$26250,$47950
1,36,New York State, 43-3021,Billing and Posting Clerks,33680,$42410,$40500,$29780,$48720
1,36,New York State, 43-3031,"Bookkeeping, Accounting, and Auditing Clerks",115270,$44680,$43020,$28640,$52700
1,36,New York State, 43-3041,Gaming Cage Workers,260,$29010,$26420,$20830,$33100
1,36,New York State, 43-3051,Payroll and Timekeeping Clerks,9730,$47950,$46740,$32170,$55840
1,36,New York State, 43-3061,Procurement Clerks,3790,$43490,$42960,$30990,$49730
1,36,New York State, 43-3071,Tellers,26650,$30210,$29460,$23810,$33410
1,36,New York State, 43-3099,"Financial Clerks, All Other",n/a,$55970,$51930,$35060,$66420
1,36,New York State, 43-4011,Brokerage Clerks,6250,$62030,$58810,$38160,$73970
1,36,New York State, 43-4021,Correspondence Clerks,n/a,$46220,$46010,$35870,$51400
1,36,New York State, 43-4031,"Court, Municipal, and License Clerks",7360,$56870,$50110,$33460,$68580
1,36,New York State, 43-4041,"Credit Authorizers, Checkers, and Clerks",1880,$47700,$47110,$33630,$54730
1,36,New York State, 43-4051,Customer Service Representatives,157070,$40560,$36890,$24880,$48410
1,36,New York State, 43-4061,"Eligibility Interviewers, Government Programs",10550,$48930,$48240,$37210,$54790
1,36,New York State, 43-4071,File Clerks,9810,$31910,$28790,$21640,$37040
1,36,New York State, 43-4081,"Hotel, Motel, and Resort Desk Clerks",10380,$31890,$25400,$21660,$37010
1,36,New York State, 43-4111,"Interviewers, Except Eligibility and Loan",14310,$38950,$39460,$26800,$45030
1,36,New York State, 43-4121,"Library Assistants, Clerical",7230,$31810,$29760,$20850,$37290
1,36,New York State, 43-4131,Loan Interviewers and Clerks,5780,$41980,$39640,$27380,$49270
1,36,New York State, 43-4141,New Accounts Clerks,930,$44620,$40880,$32390,$50740
1,36,New York State, 43-4151,Order Clerks,6710,$34860,$32880,$21820,$41380
1,36,New York State, 43-4161,"Human Resources Assistants, Except Payroll and Timekeeping",10920,$43230,$41760,$30330,$49690
1,36,New York State, 43-4171,Receptionists and Information Clerks,90100,$33140,$31650,$23650,$37880
1,36,New York State, 43-4181,Reservation and Transportation Ticket Agents and Travel Clerks,11400,$36750,$32990,$22710,$43770
1,36,New York State, 43-4199,"Information and Record Clerks, All Other",4760,$45440,$44270,$32210,$52050
1,36,New York State, 43-5011,Cargo and Freight Agents,6660,$42480,$40280,$23950,$51740
1,36,New York State, 43-5021,Couriers and Messengers,6150,$33080,$30920,$20200,$39530
1,36,New York State, 43-5031,"Police, Fire, and Ambulance Dispatchers",4090,$47220,$46210,$33350,$54150
1,36,New York State, 43-5032,"Dispatchers, Except Police, Fire, and Ambulance",11500,$48880,$41250,$27970,$59340
1,36,New York State, 43-5041,"Meter Readers, Utilities",1590,$55960,$54060,$36950,$65470
1,36,New York State, 43-5051,Postal Service Clerks,6090,$50080,$57990,$36050,$57090
1,36,New York State, 43-5052,Postal Service Mail Carriers,22430,$51540,$59910,$36200,$59220
1,36,New York State, 43-5053,"Postal Service Mail Sorters, Processors, and Processing Machine Operators",9540,$50910,$57400,$36890,$57920
1,36,New York State, 43-5061,"Production, Planning, and Expediting Clerks",26120,$53430,$52410,$34840,$62720
1,36,New York State, 43-5071,"Shipping, Receiving, and Traffic Clerks",33150,$36540,$33860,$24030,$42800
1,36,New York State, 43-5081,Stock Clerks and Order Fillers,112890,$27400,$23670,$20180,$31020
1,36,New York State, 43-5111,"Weighers, Measurers, Checkers, and Samplers, Recordkeeping",2170,$31890,$28620,$21090,$37290
1,36,New York State, 43-6011,Executive Secretaries and Executive Administrative Assistants,82810,$71880,$71390,$51320,$82160
1,36,New York State, 43-6012,Legal Secretaries,14840,$64400,$63430,$38440,$77380
1,36,New York State, 43-6013,Medical Secretaries,11720,$40180,$39090,$28930,$45810
1,36,New York State, 43-6014,"Secretaries and Administrative Assistants, Except Legal, Medical, and Executive",197930,$40330,$39660,$27290,$46850
1,36,New York State, 43-9011,Computer Operators,4420,$43140,$40980,$26380,$51520
1,36,New York State, 43-9021,Data Entry Keyers,12770,$35110,$33270,$24040,$40640
1,36,New York State, 47-2111,Electricians,40310,$74610,$68570,$39670,$92070
1,36,New York State, 43-9022,Word Processors and Typists,15720,$41740,$39740,$29620,$47790
1,36,New York State, 43-9031,Desktop Publishers,780,$57260,$53290,$37660,$67060
1,36,New York State, 43-9041,Insurance Claims and Policy Processing Clerks,10830,$49670,$46460,$33990,$57510
1,36,New York State, 43-9051,"Mail Clerks and Mail Machine Operators, Except Postal Service",8290,$35480,$34110,$23240,$41600
1,36,New York State, 43-9061,"Office Clerks, General",188250,$33800,$31770,$21320,$40040
1,36,New York State, 43-9071,"Office Machine Operators, Except Computer",4400,$36970,$35140,$25280,$42810
1,36,New York State, 43-9081,Proofreaders and Copy Markers,1400,$46720,$46230,$33110,$53520
1,36,New York State, 43-9111,Statistical Assistants,650,$55360,$52250,$43060,$61510
1,36,New York State, 43-9199,"Office and Administrative Support Workers, All Other",17710,$40820,$38060,$34450,$44000
1,36,New York State, 45-0000,"Farming, Fishing, and Forestry Occupations",3460,$35290,$30480,$21190,$42330
1,36,New York State, 45-1011,"First-Line Supervisors of Farming, Fishing, and Forestry Workers",n/a,$58480,$57470,$37120,$69160
1,36,New York State, 45-2041,"Graders and Sorters, Agricultural Products",n/a,$24060,$20570,$20180,$26180
1,36,New York State, 45-2091,Agricultural Equipment Operators,n/a,$38490,$37680,$29220,$43130
1,36,New York State, 45-2092,"Farmworkers and Laborers, Crop, Nursery, and Greenhouse",1580,$27990,$24890,$20780,$31600
1,36,New York State, 45-2093,"Farmworkers, Farm, Ranch, and Aquacultural Animals",570,$31300,$25830,$20180,$36960
1,36,New York State, 45-4011,Forest and Conservation Workers,n/a,$43310,$40900,$32810,$48570
1,36,New York State, 45-4021,Fallers,n/a,$49430,$35570,$20180,$64200
1,36,New York State, 45-4022,Logging Equipment Operators,380,$34170,$31820,$27510,$37510
1,36,New York State, 45-4023,Log Graders and Scalers,n/a,$34890,$30740,$26490,$39090
1,36,New York State, 45-4029,"Logging Workers, All Other",n/a,$38970,$38880,$34440,$41240
1,36,New York State, 47-0000,Construction and Extraction Occupations,328860,$64200,$56950,$33520,$79540
1,36,New York State, 47-1011,Supervisors of Construction and Extraction Workers,23530,$86810,$81980,$54650,$102890
1,36,New York State, 47-2011,Boilermakers,320,$78870,$67300,$50990,$92810
1,36,New York State, 47-2021,Brickmasons and Blockmasons,6300,$75480,$70580,$44820,$90820
1,36,New York State, 47-2022,Stonemasons,1680,$47780,$40400,$26000,$58680
1,36,New York State, 47-2031,Carpenters,48240,$63050,$54620,$36040,$76560
1,36,New York State, 47-2041,Carpet Installers,1350,$62200,$49430,$27570,$79520
1,36,New York State, 47-2042,"Floor Layers, Except Carpet, Wood, and Hard Tiles",470,$39110,$36780,$26580,$45380
1,36,New York State, 47-2043,Floor Sanders and Finishers,n/a,$45830,$55290,$22780,$57350
1,36,New York State, 47-2044,Tile and Marble Setters,1890,$73310,$68680,$41020,$89450
1,36,New York State, 47-2051,Cement Masons and Concrete Finishers,7640,$68550,$68570,$39700,$82980
1,36,New York State, 47-2053,Terrazzo Workers and Finishers,n/a,$91510,$105820,$46760,$113890
1,36,New York State, 47-2061,Construction Laborers,61070,$49030,$40970,$27090,$60000
1,36,New York State, 47-2071,"Paving, Surfacing, and Tamping Equipment Operators",2030,$69860,$66890,$36630,$86480
1,36,New York State, 47-2073,Operating Engineers and Other Construction Equipment Operators,11940,$74660,$65030,$42550,$90710
1,36,New York State, 47-2081,Drywall and Ceiling Tile Installers,3110,$69520,$51720,$34810,$86880
1,36,New York State, 47-2082,Tapers,940,$62670,$57880,$37560,$75220
1,36,New York State, 47-2121,Glaziers,2760,$58470,$55220,$31900,$71750
1,36,New York State, 47-2131,"Insulation Workers, Floor, Ceiling, and Wall",800,$46760,$36720,$23710,$58290
1,36,New York State, 47-2132,"Insulation Workers, Mechanical",1110,$86200,$73440,$34750,$111920
1,36,New York State, 47-2141,"Painters, Construction and Maintenance",13370,$51960,$47240,$27850,$64010
1,36,New York State, 47-2142,Paperhangers,360,$41040,$38310,$27370,$47880
1,36,New York State, 47-2151,Pipelayers,680,$54610,$50740,$32060,$65890
1,36,New York State, 47-2152,"Plumbers, Pipefitters, and Steamfitters",28340,$78260,$70300,$43130,$95830
1,36,New York State, 47-2161,Plasterers and Stucco Masons,660,$76790,$87470,$45230,$92570
1,36,New York State, 47-2171,Reinforcing Iron and Rebar Workers,750,$86310,$87420,$46020,$106460
1,36,New York State, 47-2181,Roofers,5070,$64080,$48580,$30550,$80850
1,36,New York State, 47-2211,Sheet Metal Workers,8110,$66170,$59110,$33890,$82310
1,36,New York State, 47-2221,Structural Iron and Steel Workers,5710,$87510,$90750,$55960,$103290
1,36,New York State, 47-2231,Solar Photovoltaic Installers,700,$41950,$39410,$34510,$45670
1,36,New York State, 47-3011,"Helpers--Brickmasons, Blockmasons, Stonemasons, and Tile and Marble Setters",1280,$36720,$33250,$22780,$43690
1,36,New York State, 47-3012,Helpers--Carpenters,1270,$33300,$31650,$24300,$37800
1,36,New York State, 47-3013,Helpers--Electricians,5200,$34710,$32840,$22820,$40650
1,36,New York State, 47-3014,"Helpers--Painters, Paperhangers, Plasterers, and Stucco Masons",290,$28510,$27310,$22190,$31680
1,36,New York State, 47-3015,"Helpers--Pipelayers, Plumbers, Pipefitters, and Steamfitters",3020,$39480,$37330,$24940,$46750
1,36,New York State, 47-3016,Helpers--Roofers,n/a,$26740,$24720,$22430,$28900
1,36,New York State, 47-3019,"Helpers, Construction Trades, All Other",n/a,$34060,$33190,$22350,$39920
1,36,New York State, 47-4011,Construction and Building Inspectors,7240,$67060,$63300,$43590,$78790
1,36,New York State, 47-4021,Elevator Installers and Repairers,3850,$89470,$92030,$60140,$104140
1,36,New York State, 47-4041,Hazardous Materials Removal Workers,4980,$64030,$68540,$38290,$76910
1,36,New York State, 47-4051,Highway Maintenance Workers,14880,$44960,$44250,$32640,$51120
1,36,New York State, 47-4061,Rail-Track Laying and Maintenance Equipment Operators,2330,$62510,$62130,$55640,$65950
1,36,New York State, 47-4071,Septic Tank Servicers and Sewer Pipe Cleaners,1410,$38950,$37980,$23310,$46780
1,36,New York State, 47-4099,"Construction and Related Workers, All Other",270,$49650,$46610,$33220,$57870
1,36,New York State, 47-5012,"Rotary Drill Operators, Oil and Gas",n/a,$54600,$56160,$39490,$62160
1,36,New York State, 47-5013,"Service Unit Operators, Oil, Gas, and Mining",n/a,$55840,$58120,$36370,$65570
1,36,New York State, 47-5021,"Earth Drillers, Except Oil and Gas",460,$67330,$58590,$40140,$80920
1,36,New York State, 47-5031,"Explosives Workers, Ordnance Handling Experts, and Blasters",n/a,$67140,$65150,$47730,$76850
1,36,New York State, 47-5041,Continuous Mining Machine Operators,n/a,$40950,$39490,$31970,$45440
1,36,New York State, 47-5042,Mine Cutting and Channeling Machine Operators,n/a,$39740,$39260,$32130,$43550
1,36,New York State, 47-5049,"Mining Machine Operators, All Other",n/a,$48310,$40770,$36610,$54160
1,36,New York State, 47-5051,"Rock Splitters, Quarry",n/a,$36840,$35690,$28220,$41140
1,36,New York State, 47-5071,"Roustabouts, Oil and Gas",n/a,$42270,$38680,$29240,$48790
1,36,New York State, 47-5081,Helpers--Extraction Workers,n/a,$40730,$43260,$27910,$47150
1,36,New York State, 49-0000,"Installation, Maintenance, and Repair Occupations",299210,$51810,$48060,$29030,$63200
1,36,New York State, 49-1011,"First-Line Supervisors of Mechanics, Installers, and Repairers",25590,$78180,$75360,$50950,$91790
1,36,New York State, 49-2011,"Computer, Automated Teller, and Office Machine Repairers",6930,$43060,$41210,$27930,$50630
1,36,New York State, 49-2021,"Radio, Cellular, and Tower Equipment Installers and Repairers",270,$68820,$79470,$32700,$86870
1,36,New York State, 49-2022,"Telecommunications Equipment Installers and Repairers, Except Line Installers",11100,$66680,$69780,$37510,$81270
1,36,New York State, 49-2091,Avionics Technicians,n/a,$70960,$71870,$53770,$79560
1,36,New York State, 49-2092,"Electric Motor, Power Tool, and Related Repairers",490,$46200,$43200,$30150,$54220
1,36,New York State, 49-2093,"Electrical and Electronics Installers and Repairers, Transportation Equipment",960,$70840,$73700,$62100,$75220
1,36,New York State, 49-2094,"Electrical and Electronics Repairers, Commercial and Industrial Equipment",2000,$56120,$55960,$38760,$64800
1,36,New York State, 49-2095,"Electrical and Electronics Repairers, Powerhouse, Substation, and Relay",2110,$81540,$81050,$70980,$86820
1,36,New York State, 49-2096,"Electronic Equipment Installers and Repairers, Motor Vehicles",590,$36830,$32850,$23820,$43340
1,36,New York State, 49-2097,Electronic Home Entertainment Equipment Installers and Repairers,1500,$34060,$31980,$23320,$39430
1,36,New York State, 49-2098,Security and Fire Alarm Systems Installers,4690,$48460,$47020,$30880,$57250
1,36,New York State, 49-3011,Aircraft Mechanics and Service Technicians,3080,$64270,$65000,$41950,$75430
1,36,New York State, 49-3021,Automotive Body and Related Repairers,7150,$43050,$40490,$25740,$51710
1,36,New York State, 49-3022,Automotive Glass Installers and Repairers,930,$28650,$27860,$20600,$32680
1,36,New York State, 49-3023,Automotive Service Technicians and Mechanics,34810,$41690,$37950,$23350,$50860
1,36,New York State, 49-3031,Bus and Truck Mechanics and Diesel Engine Specialists,13300,$53920,$51930,$35350,$63200
1,36,New York State, 49-3041,Farm Equipment Mechanics and Service Technicians,570,$43390,$41000,$28980,$50590
1,36,New York State, 49-3042,"Mobile Heavy Equipment Mechanics, Except Engines",2710,$55380,$53030,$38640,$63750
1,36,New York State, 49-3043,Rail Car Repairers,1400,$62150,$64260,$46710,$69880
1,36,New York State, 49-3051,Motorboat Mechanics and Service Technicians,1260,$39560,$38640,$25860,$46410
1,36,New York State, 49-3052,Motorcycle Mechanics,650,$37880,$35510,$26850,$43390
1,36,New York State, 49-3053,Outdoor Power Equipment and Other Small Engine Mechanics,1480,$35900,$35320,$25490,$41110
1,36,New York State, 49-3091,Bicycle Repairers,370,$29870,$29880,$22280,$33660
1,36,New York State, 49-3092,Recreational Vehicle Service Technicians,n/a,$35550,$32380,$25550,$40560
1,36,New York State, 49-3093,Tire Repairers and Changers,2200,$32300,$29170,$22190,$37350
1,36,New York State, 49-9011,Mechanical Door Repairers,n/a,$41530,$41500,$28210,$48200
1,36,New York State, 49-9012,"Control and Valve Installers and Repairers, Except Mechanical Door",4310,$76820,$79580,$55560,$87450
1,36,New York State, 49-9021,"Heating, Air Conditioning, and Refrigeration Mechanics and Installers",15920,$56270,$53310,$36450,$66180
1,36,New York State, 49-9031,Home Appliance Repairers,3330,$39170,$38550,$22480,$47520
1,36,New York State, 49-9041,Industrial Machinery Mechanics,9860,$55510,$52900,$39180,$63680
1,36,New York State, 49-9043,"Maintenance Workers, Machinery",3410,$52160,$49160,$32890,$61790
1,36,New York State, 49-9044,Millwrights,920,$68660,$64240,$46400,$79800
1,36,New York State, 49-9045,"Refractory Materials Repairers, Except Brickmasons",n/a,$45870,$45850,$39220,$49200
1,36,New York State, 49-9051,Electrical Power-Line Installers and Repairers,5000,$77670,$80030,$53140,$89940
1,36,New York State, 49-9052,Telecommunications Line Installers and Repairers,8900,$73140,$86390,$37000,$91220
1,36,New York State, 49-9062,Medical Equipment Repairers,2150,$58350,$56190,$37400,$68820
1,36,New York State, 49-9063,Musical Instrument Repairers and Tuners,580,$36150,$31770,$23200,$42630
1,36,New York State, 49-9064,Watch Repairers,n/a,$43780,$35100,$20970,$55190
1,36,New York State, 49-9069,"Precision Instrument and Equipment Repairers, All Other",360,$51430,$51890,$30290,$61990
1,36,New York State, 49-9071,"Maintenance and Repair Workers, General",102190,$44570,$42770,$27500,$53110
1,36,New York State, 49-9081,Wind Turbine Service Technicians,n/a,$50420,$48250,$37840,$56710
1,36,New York State, 49-9091,"Coin, Vending, and Amusement Machine Servicers and Repairers",1700,$43400,$37420,$24310,$52940
1,36,New York State, 49-9092,Commercial Divers,n/a,$80540,$75670,$54830,$93400
1,36,New York State, 49-9094,Locksmiths and Safe Repairers,1110,$46650,$43410,$29360,$55290
1,36,New York State, 49-9095,Manufactured Building and Mobile Home Installers,n/a,$30070,$29820,$25020,$32590
1,36,New York State, 49-9096,Riggers,n/a,$67310,$59850,$41890,$80010
1,36,New York State, 49-9097,Signal and Track Switch Repairers,1060,$74000,$75570,$70870,$75560
1,36,New York State, 49-9098,"Helpers--Installation, Maintenance, and Repair Workers",4960,$35980,$33270,$22750,$42600
1,36,New York State, 49-9099,"Installation, Maintenance, and Repair Workers, All Other",5080,$40160,$37240,$24270,$48100
1,36,New York State, 51-0000,Production Occupations,335320,$39610,$34460,$22450,$48190
1,36,New York State, 51-1011,First-Line Supervisors of Production and Operating Workers,26240,$67570,$63560,$38980,$81860
1,36,New York State, 51-2011,"Aircraft Structure, Surfaces, Rigging, and Systems Assemblers",n/a,$46330,$46170,$34510,$52240
1,36,New York State, 51-2021,"Coil Winders, Tapers, and Finishers",510,$32640,$29240,$23170,$37380
1,36,New York State, 51-2022,Electrical and Electronic Equipment Assemblers,10530,$34070,$31020,$22650,$39770
1,36,New York State, 51-2023,Electromechanical Equipment Assemblers,1390,$39640,$39360,$28170,$45380
1,36,New York State, 51-2031,Engine and Other Machine Assemblers,420,$46080,$47830,$33590,$52320
1,36,New York State, 51-2041,Structural Metal Fabricators and Fitters,2000,$48780,$45540,$30720,$57810
1,36,New York State, 51-2091,Fiberglass Laminators and Fabricators,n/a,$36240,$35550,$24170,$42270
1,36,New York State, 51-2092,Team Assemblers,39090,$32030,$29570,$21590,$37250
1,36,New York State, 51-2093,Timing Device Assemblers and Adjusters,n/a,$40380,$37380,$28560,$46280
1,36,New York State, 51-2099,"Assemblers and Fabricators, All Other",4630,$30880,$27380,$21530,$35560
1,36,New York State, 51-3011,Bakers,10180,$28090,$25860,$21130,$31560
1,36,New York State, 51-3021,Butchers and Meat Cutters,5090,$38170,$33330,$22930,$45790
1,36,New York State, 51-3022,"Meat, Poultry, and Fish Cutters and Trimmers",2920,$33870,$27400,$20180,$40760
1,36,New York State, 51-3023,Slaughterers and Meat Packers,910,$23880,$21320,$20180,$25960
1,36,New York State, 51-3091,"Food and Tobacco Roasting, Baking, and Drying Machine Operators and Tenders",520,$31050,$27580,$21560,$35800
1,36,New York State, 51-3092,Food Batchmakers,7840,$28150,$24520,$20220,$32120
1,36,New York State, 51-3093,Food Cooking Machine Operators and Tenders,2180,$26330,$23660,$20180,$29470
1,36,New York State, 51-3099,"Food Processing Workers, All Other",520,$26960,$25300,$20470,$30200
1,36,New York State, 51-4011,"Computer-Controlled Machine Tool Operators, Metal and Plastic",4620,$37480,$35870,$26070,$43190
1,36,New York State, 51-4012,"Computer Numerically Controlled Machine Tool Programmers, Metal and Plastic",1160,$50230,$48570,$35240,$57730
1,36,New York State, 51-4021,"Extruding and Drawing Machine Setters, Operators, and Tenders, Metal and Plastic",1250,$38590,$38930,$27020,$44380
1,36,New York State, 51-4022,"Forging Machine Setters, Operators, and Tenders, Metal and Plastic",290,$41400,$40140,$28020,$48090
1,36,New York State, 51-4023,"Rolling Machine Setters, Operators, and Tenders, Metal and Plastic",430,$41860,$43250,$31430,$47070
1,36,New York State, 51-4031,"Cutting, Punching, and Press Machine Setters, Operators, and Tenders, Metal and Plastic",4210,$35830,$33740,$24620,$41440
1,36,New York State, 51-4032,"Drilling and Boring Machine Tool Setters, Operators, and Tenders, Metal and Plastic",440,$38250,$37220,$25650,$44550
1,36,New York State, 51-4033,"Grinding, Lapping, Polishing, and Buffing Machine Tool Setters, Operators, and Tenders, Metal and Plastic",2070,$36650,$35780,$25110,$42420
1,36,New York State, 51-4034,"Lathe and Turning Machine Tool Setters, Operators, and Tenders, Metal and Plastic",1400,$40530,$39490,$29900,$45850
1,36,New York State, 51-4035,"Milling and Planing Machine Setters, Operators, and Tenders, Metal and Plastic",540,$41640,$42270,$31440,$46750
1,36,New York State, 51-4041,Machinists,13900,$45460,$44610,$30490,$52940
1,36,New York State, 51-4051,Metal-Refining Furnace Operators and Tenders,530,$44330,$45510,$36510,$48240
1,36,New York State, 51-4052,"Pourers and Casters, Metal",340,$44960,$47470,$30010,$52430
1,36,New York State, 51-4061,"Model Makers, Metal and Plastic",n/a,$55190,$50860,$37380,$64100
1,36,New York State, 51-4062,"Patternmakers, Metal and Plastic",n/a,$43450,$44450,$31650,$49340
1,36,New York State, 51-4071,Foundry Mold and Coremakers,n/a,$34400,$29110,$20180,$41830
1,36,New York State, 51-4072,"Molding, Coremaking, and Casting Machine Setters, Operators, and Tenders, Metal and Plastic",3270,$36600,$33950,$23720,$43040
1,36,New York State, 51-4081,"Multiple Machine Tool Setters, Operators, and Tenders, Metal and Plastic",2630,$35650,$34190,$24110,$41410
1,36,New York State, 51-4111,Tool and Die Makers,2540,$54570,$53680,$40080,$61810
1,36,New York State, 51-4121,"Welders, Cutters, Solderers, and Brazers",9190,$47240,$43680,$30430,$55640
1,36,New York State, 51-4122,"Welding, Soldering, and Brazing Machine Setters, Operators, and Tenders",790,$42040,$41850,$27850,$49140
1,36,New York State, 51-4191,"Heat Treating Equipment Setters, Operators, and Tenders, Metal and Plastic",740,$38040,$36700,$26940,$43590
1,36,New York State, 51-4192,"Layout Workers, Metal and Plastic",n/a,$36860,$34420,$22870,$43860
1,36,New York State, 51-4193,"Plating and Coating Machine Setters, Operators, and Tenders, Metal and Plastic",1330,$34890,$31660,$24920,$39880
1,36,New York State, 51-4194,"Tool Grinders, Filers, and Sharpeners",370,$37590,$36550,$26260,$43250
1,36,New York State, 51-4199,"Metal Workers and Plastic Workers, All Other",300,$39270,$35870,$22170,$47810
1,36,New York State, 51-5111,Prepress Technician and Workers,2120,$43710,$41910,$26690,$52220
1,36,New York State, 51-5112,Printing Press Operators,8960,$40670,$38570,$24340,$48830
1,36,New York State, 51-5113,Print Binding and Finishing Workers,1680,$37030,$36000,$23890,$43600
1,36,New York State, 51-6011,Laundry and Dry-Cleaning Workers,15650,$24870,$20700,$20180,$27470
1,36,New York State, 51-6021,"Pressers, Textile, Garment, and Related Materials",2320,$23280,$21260,$20180,$25050
1,36,New York State, 51-6031,Sewing Machine Operators,11530,$26800,$22350,$20180,$30370
1,36,New York State, 51-6041,Shoe and Leather Workers and Repairers,660,$25210,$22880,$20180,$27950
1,36,New York State, 51-6051,"Sewers, Hand",990,$26140,$23290,$20180,$29420
1,36,New York State, 51-6061,Textile Bleaching and Dyeing Machine Operators and Tenders,n/a,$26440,$27140,$20870,$29220
1,36,New York State, 51-6062,"Textile Cutting Machine Setters, Operators, and Tenders",600,$34380,$30440,$24380,$39380
1,36,New York State, 51-6063,"Textile Knitting and Weaving Machine Setters, Operators, and Tenders",790,$26990,$25780,$20180,$30570
1,36,New York State, 51-6064,"Textile Winding, Twisting, and Drawing Out Machine Setters, Operators, and Tenders",310,$24450,$23360,$21570,$25890
1,36,New York State, 51-6091,"Extruding and Forming Machine Setters, Operators, and Tenders, Synthetic and Glass Fibers",n/a,$40000,$39110,$33160,$43420
1,36,New York State, 51-6092,Fabric and Apparel Patternmakers,1120,$66170,$64040,$41650,$78430
1,36,New York State, 51-6093,Upholsterers,1520,$40110,$37690,$25910,$47210
1,36,New York State, 51-6099,"Textile, Apparel, and Furnishings Workers, All Other",500,$40960,$36520,$25480,$48700
1,36,New York State, 51-7011,Cabinetmakers and Bench Carpenters,3540,$40170,$37580,$26470,$47030
1,36,New York State, 51-7021,Furniture Finishers,870,$34900,$31240,$26240,$39230
1,36,New York State, 51-7031,"Model Makers, Wood",n/a,$54140,$48060,$33080,$64680
1,36,New York State, 51-7032,"Patternmakers, Wood",n/a,$45330,$44840,$28600,$53700
1,36,New York State, 51-7041,"Sawing Machine Setters, Operators, and Tenders, Wood",980,$32270,$30110,$22560,$37130
1,36,New York State, 51-7042,"Woodworking Machine Setters, Operators, and Tenders, Except Sawing",2210,$35670,$30790,$22640,$42180
1,36,New York State, 51-7099,"Woodworkers, All Other",n/a,$52280,$56060,$38420,$59210
1,36,New York State, 51-8012,Power Distributors and Dispatchers,270,$97310,$98040,$78220,$106850
1,36,New York State, 51-8013,Power Plant Operators,1940,$78630,$79100,$51100,$92390
1,36,New York State, 51-8021,Stationary Engineers and Boiler Operators,4030,$75050,$67700,$50000,$87570
1,36,New York State, 51-8031,Water and Wastewater Treatment Plant and System Operators,4530,$55090,$52800,$38630,$63320
1,36,New York State, 51-8091,Chemical Plant and System Operators,740,$55300,$54670,$37770,$64060
1,36,New York State, 51-8092,Gas Plant Operators,260,$72120,$72310,$52380,$81990
1,36,New York State, 51-8093,"Petroleum Pump System Operators, Refinery Operators, and Gaugers",n/a,$59820,$58670,$48960,$65250
1,36,New York State, 51-8099,"Plant and System Operators, All Other",n/a,$62450,$62970,$51190,$68080
1,36,New York State, 51-9011,Chemical Equipment Operators and Tenders,1930,$45310,$43480,$31430,$52240
1,36,New York State, 51-9012,"Separating, Filtering, Clarifying, Precipitating, and Still Machine Setters, Operators, and Tenders",1800,$40790,$38150,$27210,$47590
1,36,New York State, 51-9021,"Crushing, Grinding, and Polishing Machine Setters, Operators, and Tenders",980,$38040,$37370,$24930,$44590
1,36,New York State, 51-9022,"Grinding and Polishing Workers, Hand",1400,$34690,$30320,$22220,$40920
1,36,New York State, 51-9023,"Mixing and Blending Machine Setters, Operators, and Tenders",6910,$39940,$38130,$24610,$47610
1,36,New York State, 51-9031,"Cutters and Trimmers, Hand",850,$35090,$32440,$20670,$42300
1,36,New York State, 51-9032,"Cutting and Slicing Machine Setters, Operators, and Tenders",2340,$33860,$32540,$22620,$39480
1,36,New York State, 51-9041,"Extruding, Forming, Pressing, and Compacting Machine Setters, Operators, and Tenders",2800,$36070,$32860,$22970,$42620
1,36,New York State, 51-9051,"Furnace, Kiln, Oven, Drier, and Kettle Operators and Tenders",430,$41720,$43600,$28620,$48270
1,36,New York State, 51-9061,"Inspectors, Testers, Sorters, Samplers, and Weighers",21310,$42910,$39410,$24660,$52030
1,36,New York State, 51-9071,Jewelers and Precious Stone and Metal Workers,5820,$50700,$44870,$27760,$62170
1,36,New York State, 51-9081,Dental Laboratory Technicians,2150,$49430,$41550,$28620,$59840
1,36,New York State, 51-9082,Medical Appliance Technicians,740,$38810,$36090,$22980,$46730
1,36,New York State, 51-9083,Ophthalmic Laboratory Technicians,3180,$36980,$35090,$24880,$43030
1,36,New York State, 51-9111,Packaging and Filling Machine Operators and Tenders,15110,$32410,$28220,$21190,$38020
1,36,New York State, 51-9121,"Coating, Painting, and Spraying Machine Setters, Operators, and Tenders",2000,$36000,$34630,$25500,$41250
1,36,New York State, 51-9122,"Painters, Transportation Equipment",1580,$48570,$47570,$30820,$57440
1,36,New York State, 51-9123,"Painting, Coating, and Decorating Workers",690,$37180,$33480,$24280,$43630
1,36,New York State, 51-9141,Semiconductor Processors,420,$46230,$39690,$29580,$54550
1,36,New York State, 51-9151,Photographic Process Workers and Processing Machine Operators,1760,$39740,$32990,$22530,$48350
1,36,New York State, 51-9191,Adhesive Bonding Machine Operators and Tenders,350,$30220,$28590,$22330,$34160
1,36,New York State, 51-9192,"Cleaning, Washing, and Metal Pickling Equipment Operators and Tenders",400,$34240,$33330,$23030,$39850
1,36,New York State, 51-9193,Cooling and Freezing Equipment Operators and Tenders,n/a,$34840,$30680,$24210,$40150
1,36,New York State, 51-9194,Etchers and Engravers,290,$38490,$35130,$24720,$45380
1,36,New York State, 51-9195,"Molders, Shapers, and Casters, Except Metal and Plastic",1190,$37040,$36190,$25610,$42750
1,36,New York State, 51-9196,"Paper Goods Machine Setters, Operators, and Tenders",4770,$36810,$35820,$24240,$43100
1,36,New York State, 51-9198,Helpers--Production Workers,10350,$27790,$24980,$20330,$31520
1,36,New York State, 51-9199,"Production Workers, All Other",3410,$33850,$30500,$21990,$39780
1,36,New York State, 53-0000,Transportation and Material Moving Occupations,484810,$41110,$34820,$22140,$50590
1,36,New York State, 53-1011,Aircraft Cargo Handling Supervisors,300,$48570,$40840,$35110,$55290
1,36,New York State, 53-1021,"First-Line Supervisors of Helpers, Laborers, and Material Movers, Hand",7760,$54370,$50350,$33400,$64850
1,36,New York State, 53-1031,First-Line Supervisors of Transportation and Material-Moving Machine and Vehicle Operators,11010,$70870,$69090,$42850,$84890
1,36,New York State, 53-2011,"Airline Pilots, Copilots, and Flight Engineers",5830,$116430,$114070,$74510,$137390
1,36,New York State, 53-2012,Commercial Pilots,1280,$98870,$82490,$55180,$120720
1,36,New York State, 53-2021,Air Traffic Controllers,1100,$134540,$146280,$76530,$163540
1,36,New York State, 53-2022,Airfield Operations Specialists,390,$50410,$47100,$29140,$61050
1,36,New York State, 53-2031,Flight Attendants,9320,$43040,$39190,$25560,$51780
1,36,New York State, 53-3011,"Ambulance Drivers and Attendants, Except Emergency Medical Technicians",1920,$29430,$27770,$22770,$32750
1,36,New York State, 53-3021,"Bus Drivers, Transit and Intercity",20880,$55990,$58510,$36990,$65480
1,36,New York State, 53-3022,"Bus Drivers, School or Special Client",50500,$39020,$38430,$27440,$44810
1,36,New York State, 53-3031,Driver/Sales Workers,22070,$28520,$21230,$20180,$32870
1,36,New York State, 53-3032,Heavy and Tractor-Trailer Truck Drivers,57290,$49700,$46560,$31430,$58840
1,36,New York State, 53-3033,Light Truck or Delivery Services Drivers,43840,$37830,$33290,$22420,$45530
1,36,New York State, 53-3041,Taxi Drivers and Chauffeurs,15140,$33800,$28090,$21470,$39960
1,36,New York State, 53-3099,"Motor Vehicle Operators, All Other",3470,$35880,$35080,$22130,$42760
1,36,New York State, 53-4011,Locomotive Engineers,1650,$66000,$68220,$52630,$72690
1,36,New York State, 53-4013,"Rail Yard Engineers, Dinkey Operators, and Hostlers",n/a,$56990,$52530,$46100,$62430
10,1,Capital Region, 15-2041,Statisticians,90,$78500,$82460,$45000,$95260
1,36,New York State, 53-4021,"Railroad Brake, Signal, and Switch Operators",640,$73610,$76030,$52520,$84150
1,36,New York State, 53-4031,Railroad Conductors and Yardmasters,6070,$64330,$63830,$55420,$68780
1,36,New York State, 53-4041,Subway and Streetcar Operators,3630,$77580,$78410,$77310,$77720
1,36,New York State, 53-5011,Sailors and Marine Oilers,1620,$49420,$48530,$29950,$59160
1,36,New York State, 53-5021,"Captains, Mates, and Pilots of Water Vessels",1770,$80950,$76280,$51070,$95880
1,36,New York State, 53-5031,Ship Engineers,660,$80430,$81510,$43650,$98820
1,36,New York State, 53-6011,Bridge and Lock Tenders,340,$42770,$42260,$29010,$49650
1,36,New York State, 53-6021,Parking Lot Attendants,16280,$24130,$22490,$20200,$26090
1,36,New York State, 53-6031,Automotive and Watercraft Service Attendants,4890,$23410,$21800,$20180,$25190
1,36,New York State, 53-6041,Traffic Technicians,1350,$62400,$69950,$36650,$75280
1,36,New York State, 53-6051,Transportation Inspectors,4160,$74450,$76730,$63240,$80060
1,36,New York State, 53-6061,"Transportation Attendants, Except Flight Attendants",1630,$25220,$21550,$20180,$27860
1,36,New York State, 53-6099,"Transportation Workers, All Other",1190,$35960,$28700,$22400,$42740
1,36,New York State, 53-7011,Conveyor Operators and Tenders,740,$39380,$42360,$28190,$44980
1,36,New York State, 53-7021,Crane and Tower Operators,1390,$103930,$96590,$58320,$126740
1,36,New York State, 53-7032,Excavating and Loading Machine and Dragline Operators,1540,$64080,$55460,$37530,$77350
1,36,New York State, 53-7033,"Loading Machine Operators, Underground Mining",n/a,$46100,$47280,$35740,$51270
1,36,New York State, 53-7041,Hoist and Winch Operators,n/a,$62860,$49690,$29950,$79320
1,36,New York State, 53-7051,Industrial Truck and Tractor Operators,14860,$39500,$37820,$27850,$45320
1,36,New York State, 53-7061,Cleaners of Vehicles and Equipment,17140,$32950,$24700,$20180,$39410
1,36,New York State, 53-7062,"Laborers and Freight, Stock, and Material Movers, Hand",109540,$31140,$26890,$21170,$36130
1,36,New York State, 53-7063,Machine Feeders and Offbearers,2660,$30210,$28310,$21780,$34420
1,36,New York State, 53-7064,"Packers and Packagers, Hand",27740,$26050,$23460,$20180,$29050
1,36,New York State, 53-7071,Gas Compressor and Gas Pumping Station Operators,n/a,$60890,$62330,$47860,$67410
1,36,New York State, 53-7072,"Pump Operators, Except Wellhead Pumpers",n/a,$44790,$44660,$28350,$53010
1,36,New York State, 53-7073,Wellhead Pumpers,n/a,$41380,$37570,$29570,$47280
1,36,New York State, 53-7081,Refuse and Recyclable Material Collectors,9970,$56370,$57250,$33510,$67800
1,36,New York State, 53-7121,"Tank Car, Truck, and Ship Loaders",n/a,$43130,$39090,$31410,$49000
1,36,New York State, 53-7199,"Material Moving Workers, All Other",510,$44050,$45810,$31700,$50230
